{"cameraMode":{"drawMode":0,"name":"Shaded","section":"Shading Mode"},"sceneLighting":true,"audioPlay":false,"sceneViewState":{"m_AlwaysRefresh":false,"showFog":true,"showSkybox":true,"showFlares":true,"showImageEffects":true,"showParticleSystems":true,"showVisualEffectGraphs":true,"m_FxEnabled":true},"in2DMode":false,"pivot":{"x":0.017750009894371034,"y":-0.2630000114440918,"z":-2.619999885559082},"rotation":{"x":-0.17500686645507813,"y":0.5499054193496704,"z":-0.11911245435476303,"w":-0.8079537749290466},"size":1.5621227025985718,"orthographic":false}