{"cameraMode":{"drawMode":0,"name":"Shaded","section":"Shading Mode"},"sceneLighting":false,"audioPlay":false,"sceneViewState":{"m_AlwaysRefresh":false,"showFog":true,"showSkybox":false,"showFlares":true,"showImageEffects":true,"showParticleSystems":true,"showVisualEffectGraphs":true,"m_FxEnabled":true},"in2DMode":false,"pivot":{"x":0.09923382103443146,"y":-0.2541762590408325,"z":-2.959596633911133},"rotation":{"x":0.4736568331718445,"y":-0.3724316656589508,"z":0.23090983927249909,"w":0.7639548778533936},"size":1.1036375761032105,"orthographic":true}